{
	"credit": "Dulan on Curseforge",
	"texture_size": [64, 64],
	"textures": {
		"2": "item/bible",
		"particle": "bible"
	},
	"elements": [
		{
			"from": [4, 0, 9],
			"to": [11, 11, 10],
			"rotation": {"angle": 0, "axis": "y", "origin": [7, 11, 8]},
			"faces": {
				"north": {"uv": [1.75, 0, 3.5, 2.75], "texture": "#2"},
				"east": {"uv": [4.25, 5.5, 4.5, 8.25], "texture": "#2"},
				"south": {"uv": [0, 0, 1.75, 2.75], "texture": "#2"},
				"west": {"uv": [4, 5.5, 4.25, 8.25], "texture": "#2"},
				"up": {"uv": [7.25, 5.75, 5.5, 5.5], "rotation": 180, "texture": "#2"},
				"down": {"uv": [7.25, 5.75, 5.5, 6], "rotation": 180, "texture": "#2"}
			}
		},
		{
			"from": [4, 0, 6],
			"to": [11, 11, 7],
			"rotation": {"angle": 0, "axis": "y", "origin": [7, 11, 8]},
			"faces": {
				"north": {"uv": [1.75, 2.75, 3.5, 5.5], "texture": "#2"},
				"east": {"uv": [4.75, 5.5, 5, 8.25], "texture": "#2"},
				"south": {"uv": [0, 2.75, 1.75, 5.5], "texture": "#2"},
				"west": {"uv": [4.5, 5.5, 4.75, 8.25], "texture": "#2"},
				"up": {"uv": [7.75, 0.25, 6, 0], "rotation": 180, "texture": "#2"},
				"down": {"uv": [7.75, 0.25, 6, 0.5], "rotation": 180, "texture": "#2"}
			}
		},
		{
			"from": [5, 0, 7],
			"to": [11, 11, 9],
			"rotation": {"angle": 0, "axis": "y", "origin": [7, 11, 8]},
			"faces": {
				"north": {"uv": [3.5, 2.75, 5, 5.5], "texture": "#2"},
				"east": {"uv": [0.5, 5.5, 1, 8.25], "texture": "#2"},
				"south": {"uv": [3.5, 0, 5, 2.75], "texture": "#2"},
				"west": {"uv": [0, 5.5, 0.5, 8.25], "texture": "#2"},
				"up": {"uv": [2.5, 6, 1, 5.5], "rotation": 180, "texture": "#2"},
				"down": {"uv": [4, 5.5, 2.5, 6], "rotation": 180, "texture": "#2"}
			}
		},
		{
			"from": [11, 0, 6],
			"to": [12, 11, 10],
			"rotation": {"angle": 0, "axis": "y", "origin": [9, 11, 8]},
			"faces": {
				"north": {"uv": [5.25, 5.5, 5.5, 8.25], "texture": "#2"},
				"east": {"uv": [6, 2.75, 5, 5.5], "texture": "#2"},
				"south": {"uv": [5, 5.5, 5.25, 8.25], "texture": "#2"},
				"west": {"uv": [5, 0, 6, 2.75], "texture": "#2"},
				"up": {"uv": [6.25, 1.5, 6, 0.5], "rotation": 180, "texture": "#2"},
				"down": {"uv": [1.25, 6, 1, 7], "rotation": 180, "texture": "#2"}
			}
		}
	],
	"display": {
		"thirdperson_righthand": {
			"rotation": [0, 180, 0],
			"translation": [0, 4, 0.25],
			"scale": [0.6, 0.6, 0.6]
		},
		"thirdperson_lefthand": {
			"rotation": [1, 180, 0],
			"translation": [0, 4, 0.25],
			"scale": [0.6, 0.6, 0.6]
		},
		"firstperson_righthand": {
			"rotation": [-9, 168, 0],
			"translation": [1.5, 4, 0.5],
			"scale": [0.6, 0.6, 0.6]
		},
		"firstperson_lefthand": {
			"rotation": [169, 24, -180],
			"translation": [2.25, 3.25, 0],
			"scale": [0.6, 0.6, 0.6]
		},
		"ground": {
			"rotation": [26, 0, 0],
			"translation": [0, 1, 0],
			"scale": [0.46, 0.46, 0.46]
		},
		"gui": {
			"rotation": [-166.25, -24, -180],
			"translation": [0, 2.5, 0]
		},
		"fixed": {
			"rotation": [180, 180, 180],
			"translation": [0, 3.25, -1]
		}
	}
}